year,sex,AL,AK,AZ,AR,CA,CO,CT,DE,FL,GA,HI,ID,IL,IN,IA,KS,KY,LA,ME,MD,MA,MI,MN,MS,MO,MT,NE,NV,NH,NJ,NM,NY,NC,ND,OH,OK,OR,PA,RI,SC,SD,TN,TX,UT,VT,VA,WA,WV,WI,WY
1931,F,30849,###,4465,20048,39500,8933,12289,2038,13167,30012,5060,4524,57504,27237,20312,16150,27721,21290,7913,14049,33774,44321,22910,22031,29443,4621,12759,617,3759,31362,6009,100241,36294,7056,52426,20931,6444,86955,5472,19347,###,25629,###,5834,3271,25824,10650,19164,26438,2198
1931,M,31894,###,4904,20994,41926,9580,13266,2199,13866,31768,5403,4551,61284,28736,21631,16644,29399,22079,8390,14733,35447,46608,23972,23180,31291,5017,13850,606,4005,32692,6313,105436,38505,7324,55724,22338,6766,91759,5853,20168,###,26605,###,6184,3405,26907,11378,20161,27982,2306
1932,F,30780,###,4113,18240,38103,8563,11634,2092,13240,31000,5119,4218,54380,25926,19753,15285,28764,21095,7863,14170,33445,41558,22590,22703,29140,4445,12145,642,3803,30005,6063,96330,38126,6714,49550,19801,6312,82110,5390,20149,6485,25520,###,5817,2928,26923,10418,18855,25979,2080
1932,M,32159,###,4410,19210,39990,9050,12097,2202,14162,32717,5374,4514,57132,27147,20706,16415,30741,22203,8266,14650,35089,44178,23787,23570,30809,4646,13014,618,4005,31214,6328,102101,39776,7333,52203,21238,6535,86424,5781,21369,6756,26971,###,6157,3102,27659,10961,19948,27128,2169
1933,F,28898,###,3952,17404,36533,8467,10945,1901,12557,29896,4768,4170,52301,24539,19132,14954,26882,19458,7303,13528,30962,39292,21518,21613,27757,4359,11800,656,3587,27225,5979,90925,36561,6429,46536,21156,5914,76231,5048,19843,6278,24403,52549,5746,2968,25105,10294,17638,24420,1987
1933,M,30440,###,4173,18396,38503,8713,11492,2021,13109,31088,4865,4387,55609,25941,20443,15801,28443,20290,7820,13912,32483,41631,22996,22661,29520,4594,12385,697,3798,28836,6325,96233,38861,6760,49247,22541,6309,80815,5304,20476,6581,25745,55401,6164,3163,26149,10588,18625,25989,2220
1934,F,31099,###,4056,18200,38070,8707,10799,1905,12873,31673,4484,4531,53598,25430,20664,15827,28774,21042,7690,13512,30969,41025,22197,23402,28734,4788,12264,694,3808,26634,6289,90446,38934,7027,48739,22950,6349,78518,5003,21448,6457,25537,56016,6218,3274,25496,11035,20070,24950,2200
1934,M,32396,###,4436,19315,40276,9142,11416,2083,13843,32988,4811,4842,56628,26919,21799,16636,31130,21961,8070,13828,32859,42900,23724,24461,30451,5161,12821,740,4061,27907,6480,95169,40770,7522,51361,24352,6728,81720,5346,22817,6716,26856,60587,6418,3319,26879,11505,21406,26469,2365
1935,F,30414,###,4484,17227,38965,9186,10860,1957,13648,30961,4492,4631,54590,25695,20031,14978,27796,20674,7701,13308,30603,42412,22399,23806,27895,4926,11380,690,3825,26410,6498,89724,38399,6637,49333,21348,6354,78468,4969,19761,6246,25914,55885,6186,3231,25212,10805,20379,25449,2131
1935,M,31825,###,4655,18457,41166,9651,11398,2079,14403,32299,4704,4838,57294,27214,21106,15611,29919,21596,8022,13928,32398,45034,23563,24514,29404,5103,11947,733,3943,28104,6692,94620,40354,7018,51770,22343,6825,82698,5246,20837,6604,27400,58836,6509,3360,26275,11591,21395,27113,2231
1936,F,29624,###,4566,16318,41358,8848,10779,1882,13782,30017,4278,4972,54531,26381,20776,14531,27005,21487,7490,12873,30138,43148,23054,24335,27290,5124,11610,673,3692,26201,6260,88486,37145,6639,50840,19975,6713,77843,5036,19339,6372,24849,54106,6153,3167,25059,11367,19903,25544,2328
1936,M,30492,###,4979,17202,43144,9431,11449,2040,14315,31641,4303,5252,57636,27653,21939,15467,28773,22341,7812,13715,31566,45279,24522,25111,28626,5276,12188,746,3987,27632,6647,93983,39037,6932,52863,21840,7262,81550,5150,19953,6507,25722,57496,6398,3282,26188,12009,20950,27069,2425
1937,F,30281,###,5127,16938,45522,9423,11032,2053,14555,31511,4426,5027,55873,27072,20462,14087,27208,22539,7454,13612,29890,44507,23397,25653,27809,4999,10823,848,3723,26698,6652,90203,38678,6051,52432,20180,7509,78328,4975,19997,5937,25340,56297,6143,3077,25519,12294,20656,26109,2189
1937,M,31330,###,5367,18298,48708,10187,11742,2302,14952,32550,4557,5342,59409,29015,21643,15238,28955,23467,7792,14127,31846,47032,24639,26442,29142,5249,11447,894,3910,27909,7185,95299,40402,6586,55144,21276,7948,82960,5265,20646,5971,26598,59760,6550,3249,26431,12742,21584,27434,2341
1938,F,30654,###,5347,18135,49346,9995,11533,2130,15172,31766,4340,5470,59726,29376,20984,14357,29874,24020,7513,14242,29959,46853,24147,26236,28534,5173,10838,903,3793,27272,6993,92087,39155,6444,54877,21545,7934,80858,5164,20134,5773,26057,59094,6412,3039,26340,13090,20596,26819,2430
1938,M,31378,###,5531,19047,52498,10604,12250,2301,15924,32870,4722,5807,62836,30816,22237,15217,32004,24847,7705,14771,31303,50110,25915,27458,30033,5500,11563,985,4037,28771,7297,97472,40779,6597,57790,22643,8311,85126,5372,20986,6053,27594,62062,6802,3262,27155,13677,21838,28185,2516
1939,F,30031,###,5360,17298,50435,9982,11493,2080,15545,31456,4569,5388,58085,28338,21094,14310,29600,24009,7398,14665,30835,45718,24261,25292,28263,5417,10737,936,3771,27980,6962,90818,38531,6272,53310,21251,8046,78454,5028,21015,5942,25770,58808,6202,3171,26594,12876,20179,26359,2420
1939,M,31647,###,5696,18345,53170,10636,12262,2234,16808,32987,4823,5711,60767,29845,22251,14978,31149,24846,7675,15462,32346,48584,25860,26371,30017,5580,11434,1063,4002,29368,7265,96172,40602,6619,55762,22311,8495,82324,5386,21973,6098,27239,62354,6564,3414,27664,13704,21570,27835,2607
1940,F,30726,###,5673,18504,54529,10110,12475,2164,16245,31640,4557,5661,60460,29863,21783,14188,31078,25142,7393,15681,31807,48008,25736,25895,29763,5611,10923,1059,4116,28996,7128,95153,39112,6419,56952,21813,8533,80703,5331,21780,5868,26916,62016,6410,3391,27895,13632,20454,26802,2508
1940,M,32212,###,5830,19969,57758,10924,13073,2387,17554,33117,4857,6128,64155,31797,23071,14697,32690,25706,7829,16684,33744,51013,27179,26837,31716,5945,11106,1050,4213,30818,7664,100935,41343,6716,58611,23074,9090,84753,5499,22832,6186,28326,65056,6937,3551,29119,14527,21835,28089,2681
1941,F,31420,###,5567,19690,61117,10401,14165,2558,18298,33075,4865,5742,66218,31964,22442,14898,30628,26728,7741,18261,33707,52141,26343,26826,31792,5699,10604,1063,4222,32626,7160,102253,41368,6455,61273,22110,9231,84789,5706,23199,5895,29263,66443,6476,3328,30022,14837,21337,27737,2572
1941,M,32959,###,5858,20859,64073,10992,14871,2529,19244,34795,5251,5916,69941,33630,23673,15519,32874,27890,8247,18804,35839,55317,28016,27887,33426,5846,11359,1137,4360,34571,7578,108050,43227,6804,64677,23708,9637,89404,5905,24184,6264,30592,70339,7062,3637,31057,15743,22646,29449,2750
1942,F,34748,###,6194,20532,75166,11390,17962,2745,19750,35318,5044,5550,75950,35577,23374,16404,31346,28449,8538,21598,40104,60526,28670,27527,34519,5694,11513,1344,4421,39627,6946,119195,43828,6506,70266,22544,10875,95917,6908,23694,6067,31573,70185,7557,3414,33040,18910,21336,31324,2669
1942,M,36388,###,6470,22148,79401,12176,19302,2912,21151,37173,5378,5904,80282,38129,25080,17516,34921,29644,9181,22639,42669,63360,30100,29140,36192,6041,12163,1438,4752,42082,7183,125607,46026,6851,74061,23464,11643,101260,7274,25141,6357,33574,74557,8265,3761,34910,20097,22586,32658,2898
1943,F,37690,###,6837,20784,84980,11960,18808,3058,22776,38265,5634,5936,76020,36476,23054,17444,31475,30563,9222,23064,41500,61295,28479,29199,35149,5619,12119,1491,4497,40563,7442,120982,45853,6446,70006,23750,12414,96994,7185,26627,6345,33886,79983,8332,3454,35264,21547,21015,31234,2833
1943,M,39845,###,7460,21805,89440,12407,20197,3171,23968,40122,6197,6455,79715,38196,24563,18577,34091,31442,9722,24307,44417,64483,30029,30647,37309,5788,12929,1535,4870,42469,7769,127645,48715,6976,74081,24889,13036,102372,7482,27517,6471,36317,84530,8829,3849,36893,22973,22357,33216,2989
1944,F,36089,###,6946,20064,87015,11523,16592,2912,23556,37193,6092,5999,69272,34437,22637,16927,30795,29968,8692,21657,37971,55672,27150,27984,33090,5288,11862,1484,4098,37084,7568,111816,43828,6686,65095,22845,11689,86529,6703,25101,6216,33057,81030,7899,3405,33913,21717,20106,29897,2741
1944,M,38326,###,7279,21176,92108,12408,17686,3081,24862,39347,6402,6242,72733,36917,23927,18049,33430,31082,9070,22258,40238,59028,28963,28956,34900,5655,12713,1544,4450,39181,8017,117718,46801,6844,68503,23880,12461,91841,7051,26366,6553,35215,84870,8281,3419,35262,22811,21198,31650,2894
1945,F,34604,952,6433,19310,89887,11489,16384,2891,23362,36586,5998,5710,67348,33108,21994,16214,29536,28506,7994,20827,37238,54897,26658,26656,31923,5117,11669,1406,3979,37668,7466,113943,42480,6503,64289,20958,11584,84158,6671,24336,6028,31714,76817,7572,3331,32697,21842,18820,29685,2656
1945,M,35717,877,6915,20318,94493,12022,17381,3093,24429,38266,6307,5791,71357,35336,22940,17410,31356,29332,8693,21964,39826,57758,27998,27607,33736,5484,12459,1445,4359,39670,7840,120811,44921,6644,68207,22207,12556,89641,6964,25095,6432,33252,81098,8108,3542,34371,22731,20219,31752,2825
1946,F,39014,1128,7952,21893,106165,14392,20079,3352,26303,41926,6267,6686,84865,41541,27055,19415,35108,33594,9802,24492,45729,67410,32927,30248,39119,6239,13661,1631,5357,46024,8911,138617,49128,7498,82179,24600,14608,105527,8134,26527,7110,37619,88078,8867,4112,36863,25105,23458,36399,2987
1946,M,40849,1143,8393,23387,112319,15126,21378,3450,27385,43741,6541,7101,89960,43974,29131,20336,37434,35076,10524,25855,48559,71867,34339,31442,41565,6619,14391,1652,5735,49194,9176,147929,51551,7766,87421,25816,15468,112849,8627,27436,7470,39717,93501,9353,4250,38998,26883,25215,38356,3201
1947,F,43081,1294,9389,24028,119751,15969,22030,3834,29028,46139,7008,7824,95133,47118,31124,21509,38531,36394,11633,27653,52203,78535,36675,32394,43751,7265,15670,1987,6508,51367,9741,157055,55331,8273,96023,26238,17670,120886,9021,28997,7998,41993,96793,10481,4738,41782,28662,26756,40861,3600
1947,M,45035,1407,9764,24955,126138,16905,23551,3883,30779,48805,7584,8441,100874,49241,32734,23026,41456,38236,12240,29034,55588,82550,38902,34056,46309,7821,16462,2054,6759,54875,10581,166195,57546,8791,101288,27446,18624,127627,9515,30473,8541,44626,101869,11243,4970,43958,29819,28329,43198,3720
1948,F,41621,1459,9504,23516,117440,16106,20395,3560,29179,45139,6997,7887,90172,45101,29237,20870,37596,35564,10704,25862,48541,75119,35381,32082,41533,7414,15119,1822,6102,47418,10075,146983,53580,8092,90651,24549,17193,110190,8064,27898,8019,40069,96337,10056,4503,39803,27368,25573,39599,3685
1948,M,43751,1620,9691,24520,123262,16904,21834,3694,30421,47555,7466,8245,94699,47428,31338,21844,39580,37748,11367,27561,51229,79611,37399,33221,43725,7621,16057,1872,6321,50162,10444,154983,55850,8492,95702,25837,18013,117037,8797,29861,8386,42058,101413,10658,4866,42254,28465,26823,42031,3733
1949,F,41135,1665,9934,22526,119455,15894,19780,3599,29956,45659,6827,7907,92185,45813,29888,21185,36978,36937,10736,26183,46511,76050,35807,32562,41476,7729,15509,1774,5815,47166,10413,146722,52679,8119,92171,24259,17269,109095,7988,28489,8329,40421,98982,10143,4490,40419,27725,25661,40186,3598
1949,M,43283,1862,10341,23083,125744,17000,21107,3770,31787,47600,7323,8077,97128,48401,31983,22596,39219,38550,11203,27414,49104,81128,38122,33853,43826,7637,16038,1899,6125,50440,11207,154565,55291,8727,97257,25443,18047,115486,8504,30027,8882,42433,103315,11021,4807,42541,28817,26925,42763,3892
1950,F,40516,1800,10168,22313,118974,16306,19829,3742,31498,44907,6921,7902,92426,45506,30382,21165,36402,37502,10310,26384,46536,78439,36508,31679,42007,7604,15345,1752,5613,47455,10855,146714,52014,8386,90248,24358,17527,107876,7869,28140,8618,39574,99366,10304,4390,39864,27135,24585,40134,3751
1950,M,42100,1925,10655,23279,125897,17579,20791,3901,33146,46505,7133,8133,97487,47973,32278,22763,38624,38860,10751,27821,49678,82516,38809,33225,43917,8007,16454,1915,5904,50347,11237,154329,54472,8644,95602,25762,18552,113759,8341,29310,9188,41802,104475,10888,4613,42157,28682,25922,42540,3855
1951,F,40914,2159,11000,22090,127040,17568,20776,3954,34420,46632,7100,8022,98060,49424,32336,22842,36854,39402,10378,29330,48938,84394,38906,32330,44060,7748,16536,1982,5734,51162,11534,154126,54030,8382,97264,24728,18078,114412,8354,30018,8906,41008,106288,10928,4414,42462,28426,24876,42668,3900
1951,M,42822,2336,11536,23220,133718,18326,22466,4290,36142,48784,7346,8328,103088,51782,33904,24440,39312,40974,10862,30684,51474,89112,41130,33334,46198,8018,17160,2084,6216,54164,12130,162454,56880,8888,102846,25930,19302,120662,8626,30738,9286,43304,111494,11960,4608,44898,29670,25784,45490,4148
1952,F,40340,2747,12502,20910,145370,18562,23300,4440,39320,48076,7616,8052,100574,51454,30618,25354,35374,41228,10754,30956,50804,88766,38604,31358,44632,8092,16300,2510,5710,55008,12082,158004,54790,8380,102412,24746,19164,116280,8468,31188,8736,40630,115370,11574,4626,42964,30008,24218,43590,3868
1952,M,42308,3008,13250,22158,152246,19356,24878,4678,41068,49780,7960,8730,106466,54438,32058,26666,37404,43034,11196,32102,54098,94044,40832,32746,47346,8524,16464,2702,5974,57706,12992,167274,57066,8630,108758,26420,20716,122652,9004,32370,9366,42540,120468,12592,4694,45806,31502,24906,45652,4248
1953,F,40340,3232,12502,20910,145370,18562,23300,4440,39320,48076,7920,8052,100574,51454,30618,25354,35374,41228,10754,30956,50804,88766,38604,31358,44632,8092,16300,2510,5710,55008,12082,158004,54790,8380,102412,24746,19164,116280,8468,31188,8736,40630,115370,11574,4626,44692,29908,22580,43168,4146
1953,M,42308,3547,13250,22158,152246,19356,24878,4678,41068,49780,8188,8730,106466,54438,32058,26666,37404,43034,11196,32102,54098,94044,40832,32746,47346,8524,16464,2702,5974,57706,12992,167274,57066,8630,108758,26420,20716,122652,9004,32370,9366,42540,120468,12592,4694,47260,31792,23950,45606,4614
1954,F,40320,3403,13056,21108,149274,19042,24220,4732,41344,49252,7852,8220,106180,53132,30442,26228,36298,42264,10940,32658,52458,93826,39330,31674,45634,8560,16712,2886,6016,57644,12572,163306,55906,8554,108348,24780,18724,119208,8714,31802,8822,41794,116868,11586,4540,46314,30734,22666,44812,4368
1954,M,42138,3635,13764,22320,157016,19876,26176,4962,43590,51168,8350,8954,111240,55872,32756,27250,38818,44182,11672,33720,55312,98506,41646,32998,47974,8758,17140,2960,6238,60754,13066,172204,58940,8856,114306,26450,19934,125474,9332,33338,9344,44040,122352,11914,4758,48896,32010,23878,47060,4570
1955,F,39964,3544,13609,20515,152381,19582,25799,5116,43666,49283,7985,8152,107666,52659,31039,25577,35812,42026,10991,33275,53652,95986,39755,31203,46023,8534,16723,3094,6048,59025,12713,166867,56586,8455,108479,24442,18995,118106,8728,31074,9125,41458,117300,12129,4479,46387,30279,21492,44915,4158
1955,M,41847,3802,14338,21287,160985,20435,26678,5471,45668,51159,8334,8834,112955,55955,32708,27335,38085,44128,11429,34613,56611,100637,41950,32163,47978,8940,17535,3181,6434,62402,13046,175699,58779,8782,114991,25660,19793,124646,9167,32509,9509,43579,122573,12762,4866,48161,32143,22680,47512,4452
1956,F,40932,3717,14632,20890,163014,20420,26318,5528,47070,49886,8370,8042,112060,55152,30804,25534,35734,43780,11134,34362,54456,100662,40538,30614,46962,8740,16546,3090,6408,60964,13186,168566,56444,8128,114354,25248,18820,121768,8790,31406,8756,41614,120634,12418,4448,47454,31802,21910,45386,4036
1956,M,43130,3902,15104,21620,170932,21240,27456,5688,50326,52988,8736,8586,117700,58468,32672,27784,38246,45668,11234,36390,57706,105564,42468,31466,49170,8992,17448,3482,6576,64120,13698,178372,59830,8566,120666,26536,19790,126756,9384,32810,9264,43344,125662,13130,4798,49416,33282,22696,48470,4438
1957,F,41196,3746,15604,20390,171016,20390,27730,5770,50762,49762,8236,8304,116388,56570,30682,25826,36508,43892,11222,36644,56136,101958,42060,29954,47708,8868,16102,3326,6506,63860,13752,174652,55430,8110,118774,25270,18200,123784,9186,30960,8614,40842,122216,12504,4630,47600,32350,21278,47484,3942
1957,M,42856,4099,16382,21342,179888,20952,29346,5886,53336,52292,8824,8460,122346,59322,32952,27322,38244,46934,11754,38438,59248,106850,43890,30922,49500,9324,17040,3384,6664,66500,14182,184588,58010,8218,124804,25992,19588,131420,9804,32418,9102,43234,128574,13466,4870,49686,33768,22922,49334,4278
1958,F,40592,3412,16288,19942,170862,20276,27404,5628,52548,48800,7922,8002,114756,54776,30064,24960,36172,43858,11238,37254,56066,98892,41450,29416,46896,8440,15888,3292,6266,63888,13908,176514,54520,7960,114490,24668,17688,121984,8904,29984,8532,40362,119846,12582,4542,47368,31962,21372,46540,3924
1958,M,41836,3639,16712,20950,178736,21566,28970,5946,55448,51128,8786,8760,120224,57676,32308,26806,38086,46436,11896,38706,58954,104008,43542,29826,49970,8830,17084,3500,6932,66308,14742,184148,56178,8568,119860,25618,18590,128224,9446,30718,8784,42408,126652,12926,4874,49296,33702,22840,49662,4210
1959,F,40176,3110,16814,19962,175028,20450,27394,5898,54784,48628,8312,8316,117578,54788,31800,25610,35880,44290,11380,37704,56004,96928,43278,29732,47766,8612,16578,3486,6658,63720,14848,175506,54222,8332,113674,25050,17752,121090,9160,29732,8700,40438,121664,12478,4586,47258,32028,20336,48218,4000
1959,M,42152,3182,17826,20756,184060,21574,29232,5860,58014,50992,8788,8872,122630,58066,32816,26918,37970,46678,11708,39356,58236,101648,45112,30988,50874,9054,17518,3560,6806,67136,15372,185314,56662,8654,119104,26304,18894,125914,9556,30544,9300,42714,127576,13230,4878,49374,33722,21946,50414,4212
1960,F,39522,3700,17812,20020,181404,21084,27786,5588,56722,48470,8198,8410,116814,55118,31036,24716,34826,44152,11270,37518,55860,95606,42678,29228,47626,8466,16520,3564,6756,65058,15138,175520,53458,8140,112576,24770,18824,117780,9006,29140,8692,40140,121414,12828,4616,47038,31940,19192,48574,4162
1960,M,41324,3862,18948,20562,190806,21828,28982,5992,58848,51280,9008,8766,122114,57604,33126,25982,37382,46060,11948,39832,59264,99730,44916,29922,50300,8978,17742,3706,7088,67316,15542,183932,56316,8486,118142,26216,19590,123688,9390,30672,8928,41896,127728,13480,4792,48496,33338,20282,51022,4350
1961,F,39296,3756,18010,19896,185910,21650,27982,5716,56578,49158,8488,8316,116502,54742,31240,24314,35002,43592,11480,37754,56660,94308,42232,29232,47164,8454,16958,3958,6970,65862,14710,177080,54106,7964,112472,24896,18218,117364,8854,28998,8526,40022,120482,12914,4652,46878,31614,18814,48222,4028
1961,M,41394,3808,18896,21048,195696,23002,29138,6138,60078,51426,9128,8586,120880,57552,32300,25674,36432,45360,12072,39994,59824,98844,43880,30382,49892,8914,17576,4126,6944,69518,15232,185440,57774,8602,117448,26156,19320,122906,9516,30932,9116,42226,125962,13552,4734,50176,33442,20220,50172,4532
1962,F,38294,3756,18564,20548,185166,21270,27022,5598,55954,48400,8978,7980,113020,53246,30110,23870,33922,43724,11248,37250,54262,88846,41482,28878,46216,8136,16516,4288,6872,64178,14128,172926,53324,7660,105950,24840,18150,110924,9128,28560,8272,39658,120130,12852,4576,46672,31752,18066,46030,3828
1962,M,40220,3896,19300,21428,193714,22372,28520,5772,59270,50796,9010,8418,117858,55402,30880,24764,35904,44376,11688,38852,57906,94102,43288,30014,48012,8728,17434,4352,7162,67536,15094,181226,56348,8126,111714,26454,18846,115428,9244,29584,8900,41316,126370,13346,4664,49858,33072,19208,48294,4194
1963,F,37312,3790,18376,20150,185314,20674,27978,5652,56012,48334,8730,7386,109020,52158,27950,22366,33108,41566,10960,37650,54742,87410,38920,27974,44060,7710,16082,4578,6772,64496,13580,173692,52228,7264,103078,24178,17102,107738,8928,28484,8252,39054,116762,12268,4240,47044,29498,17342,44762,3782
1963,M,38804,3888,18788,21292,195698,21600,28718,5858,58726,51112,9054,7582,116042,54846,29890,23540,34816,43832,10998,40092,56958,91620,41316,29408,46422,8176,16666,4918,7202,68252,14200,182068,55136,7956,109622,25820,17832,113960,9310,29820,8496,40878,122476,12666,4540,49918,31434,18366,46824,3832
1964,F,37464,3484,17826,20396,183908,19846,27788,5602,55642,48868,8472,7090,108610,51896,26612,20972,32942,42230,10284,38398,52046,85816,37378,27620,43350,7428,14906,4962,6740,64354,13066,171896,51858,7210,102218,23044,16344,106800,8670,27778,7712,39184,114286,11708,4196,47522,27996,17332,43458,3586
1964,M,38852,3790,18478,20958,191064,20782,29076,5842,58342,51782,8896,6990,113638,54126,28830,22386,35016,43912,10980,40116,54388,89690,39486,29034,45256,7672,15826,5076,7042,67718,13772,179706,54216,7260,107542,24578,17214,111942,9358,29096,7908,41102,119814,12216,4482,49384,29136,18326,45356,3650
1965,F,34416,3442,16370,18054,173378,17974,26642,5162,51740,45842,8002,6490,101586,47828,24548,18978,29998,39112,9668,36180,48604,81474,34566,25740,39492,6600,13798,4718,6366,61018,11860,163912,47504,6346,95534,20948,15838,99562,8428,26092,6764,35716,105252,10798,3960,43262,25984,15478,40128,3168
1965,M,36226,3622,17552,18692,182214,18810,27706,5524,55038,48608,8318,6880,106602,50248,26440,20252,31566,40560,10086,37616,51926,85334,36180,26600,41882,7038,13930,4750,6672,64176,12450,171716,50160,6854,99856,21958,17150,105020,8896,26830,7120,37334,110456,11496,4176,45780,26828,16630,42836,3404
1966,F,32400,3188,15970,16764,166040,17100,25580,5048,50264,43794,7282,6302,98174,47026,23758,17706,28136,38004,9234,34992,47658,81628,32584,23530,38172,6192,12466,4572,5968,58840,11018,156784,45296,5854,92424,19464,15572,96026,7932,24854,6072,33820,101282,10962,3802,41024,25180,14630,39126,2860
1966,M,34098,3362,16586,17762,172144,17844,26764,5260,52786,45656,7720,6676,103268,48688,25014,18608,29936,39426,9322,36738,49828,84918,34176,24522,39710,6438,13134,4480,6592,61910,11306,163998,47532,6276,98362,20584,16872,100346,8436,25780,6476,35258,106862,11720,4102,43638,26642,15574,41298,3046
1967,F,31611,3169,16004,16396,165668,17630,24732,4912,49831,43394,7125,6319,96296,45730,23156,17610,27754,37042,8705,34173,46084,79891,31989,22828,37036,6033,12235,4381,6009,57207,10553,152229,45208,5495,91480,19752,15628,93497,7627,24450,5837,33284,102454,11180,3758,40389,26770,14407,37654,2815
1967,M,33436,3321,16632,17431,173304,18316,25968,5165,52689,45060,7642,6730,101185,47986,24598,18343,29511,38762,9052,35744,48651,83453,33749,24072,39138,6276,12695,4481,6486,60367,10782,159369,47547,5864,96820,20775,16699,97865,8193,25434,6151,34902,107599,11764,4020,42893,28105,15340,39788,3023
1968,F,30822,3150,16038,16028,165296,18160,23884,4776,49398,42994,6968,6336,94418,44434,22554,17514,27372,36080,8176,33354,44510,78154,31394,22126,35900,5874,12004,4190,6050,55574,10088,147674,45120,5136,90536,20040,15684,90968,7322,24046,5602,32748,103626,11398,3714,39754,27798,14184,36182,2770
1968,M,32774,3280,16678,17100,174464,18788,25172,5070,52592,44464,7564,6784,99102,47284,24182,18078,29086,38098,8782,34750,47474,81988,33322,23622,38566,6114,12256,4482,6380,58824,10258,154740,47562,5452,95278,20966,16526,95384,7950,25088,5826,34546,108336,11808,3938,42148,29402,15106,38278,3000
1969,F,31490,3370,16688,16656,172466,19250,24574,4970,52324,43814,7500,6582,95218,45826,23136,17992,27552,36658,8460,33916,45116,80680,31908,23028,37868,5682,12174,4390,6188,57524,10408,151264,45622,5300,92294,20808,16662,90816,7490,24766,5494,33786,110970,11796,3792,40564,28772,13886,36046,2862
1969,M,33288,3504,17594,17242,181060,20112,25142,5122,55146,46714,8148,6872,100684,48026,24098,19118,29918,38150,8808,35212,47834,84874,34056,24040,40940,6056,12620,4658,6624,59728,11052,159272,47976,5494,97858,22094,17242,94742,7934,25904,5976,36298,115650,12488,4126,42756,30616,14916,38136,3138
1970,F,32284,3842,18520,17110,177026,19950,24560,5042,55984,47194,7904,6912,99992,48540,23386,18530,29354,37128,8642,33494,45564,83576,33210,24104,39194,6202,12560,4608,6392,58718,10628,155010,47844,5318,97216,21898,16982,93696,7694,25252,5760,35444,112550,13028,4044,41984,29524,15354,36684,3166
1970,M,34542,3686,19152,18382,185730,21620,25930,5460,59052,49686,8532,7574,105480,50766,24904,19674,30858,37246,9108,35370,49054,88346,35246,24980,41708,6420,13166,4964,6796,61524,11470,162704,50340,5584,102480,22992,18184,98808,7954,26908,5930,36738,118486,14004,4310,44440,31224,15610,41094,3336
1971,F,32522,3600,18664,17514,160684,19762,21964,4758,56962,45662,7576,7156,95064,46592,22018,17500,29456,36046,8584,32050,42396,79044,30332,23738,38434,5930,12610,4816,6590,54958,10922,138822,46544,5098,92064,21886,16100,88244,7378,26106,5594,34890,111854,13504,3854,40082,26986,15274,35078,2850
1971,M,34214,3704,19734,18262,169270,20576,23412,5156,59720,48170,8244,7314,100258,49204,23108,18642,31346,37056,9222,33390,44332,83328,32136,24828,40002,6430,12904,4834,6868,57692,11278,145690,49026,5266,98200,23402,17210,93002,7520,26996,5986,36470,117298,14090,4054,42512,28214,15918,36944,3270
1972,F,30468,3386,18304,16560,149600,18834,19572,4382,53306,42548,7404,6886,86884,42514,19832,17414,26802,33250,7912,28334,37724,71832,27146,22640,34960,5598,11308,4426,5660,48902,10404,124040,43324,4906,82820,20526,15428,79598,6297,24504,5432,32030,104992,13292,3495,36546,23676,14294,31356,2934
1972,M,31518,3548,19196,17366,156902,19718,20280,4434,55889,44974,8004,7336,92552,44846,21116,18350,28690,35192,8274,29864,39888,75150,29208,23390,36781,5842,12184,4608,5868,51700,10348,129730,45644,5202,86928,21956,15882,83766,6720,25484,5464,34054,109674,13658,3772,38676,24570,15000,33322,3066
1973,F,29272,3270,18490,16308,144818,18679,18548,4078,52140,41736,7416,7020,83192,40914,19248,16868,26252,32622,7537,26042,35318,68464,26090,22048,32985,5582,11164,4276,5335,46730,10326,116358,41924,4724,78344,19848,15064,75674,5810,23780,5324,31210,102430,13674,3303,35004,23382,13380,30880,2896
1973,M,30466,3338,19450,17450,153284,19700,19476,4166,55053,43830,7956,7536,87322,43222,19864,17602,27402,33830,8085,27696,37706,72149,27692,22570,34939,5816,11742,4330,5660,49394,10644,122503,43836,4990,82936,21054,15794,78496,6233,25228,5386,33314,107760,14364,3402,36972,24270,14190,32126,3252
1974,F,28982,3384,19456,16836,151952,18973,17998,4066,53339,40618,7528,7696,81646,40976,19337,15902,25850,32290,7388,26232,34422,66354,27112,21662,33676,5856,11409,4308,5343,46166,10518,116645,41224,4916,77880,20622,15829,74248,5480,23159,5660,31452,103208,14790,3275,34682,24978,13724,31986,3148
1974,M,30696,3682,20424,17886,160198,19958,19236,4214,56452,43128,7980,8190,86535,43076,20653,16878,27632,33568,7701,27266,36410,70407,28824,22488,35707,6273,12183,4674,5739,49078,10912,122859,43344,5094,82942,22152,16405,77982,5652,24350,5862,32860,108092,15242,3545,36458,26142,14170,33774,3556
1975,F,28448,3694,19454,17454,155356,19420,17546,4170,51183,39224,7608,7984,82039,40490,19959,16420,26912,33168,7483,23520,33372,65112,27860,22262,33207,5679,11496,4490,5144,44568,10624,115180,39492,5208,77914,20259,15929,73558,5051,22376,5632,29810,105274,15432,3247,33414,25238,14134,31331,3446
1975,M,30098,3806,20172,18376,162452,20670,18782,4274,54018,41992,8112,8546,86614,42800,21241,17452,28406,34334,7770,24882,35666,68177,29144,23424,35116,6208,12057,4578,5402,47604,10592,120998,41333,5440,81026,21650,17137,76720,5423,23654,5930,31683,111218,16294,3444,35280,26652,15248,33368,3724
1976,F,27917,3810,19402,17550,162250,19927,17604,4120,51046,39396,7964,8372,82512,40124,20371,17216,26447,34170,7273,23624,32436,63677,27188,21946,33720,6084,11540,4659,5273,44614,11108,114801,39463,5390,76636,20765,16760,72896,5150,23042,5804,30494,106755,17188,3229,33548,26208,13693,31476,3776
1976,M,29168,4164,20626,18868,170626,20975,18408,4144,53342,41438,8418,9238,87110,42632,21210,18188,28112,35156,7719,24578,34346,67112,28963,23096,34965,6354,12131,4810,5362,46550,11980,120887,41022,5704,81076,22410,17709,76920,5421,24024,6370,31938,111822,18146,3451,35291,27894,14502,33429,3844
1977,F,29906,4100,20506,18678,169026,21082,18634,4362,54155,42094,8160,8898,85984,42524,21894,18103,28390,36486,7830,24899,33047,67216,29058,23066,35564,6368,12326,4964,5819,47086,11904,116720,40991,5784,78595,21878,17987,75864,5693,24126,6256,32536,111579,18634,3471,35398,28444,14498,33448,4102
1977,M,31127,4256,21412,19580,179612,21908,19060,4472,56530,44052,8772,9557,90700,45446,22997,18880,30087,38085,8310,26230,34863,70904,30712,24626,37378,6814,12766,5040,6272,49030,12250,122755,43522,6052,82694,23019,19196,79690,5917,25038,6286,34058,117471,19376,3550,37726,30176,15577,35147,4532
1978,F,29011,4262,21336,18194,173934,21436,18786,4386,55332,41656,7912,9571,85201,40648,21514,17895,27765,36310,7735,24769,33438,67953,29848,22994,35295,6515,12040,5323,6167,46598,12276,113460,40266,5668,77939,22068,18923,74940,5671,23862,6270,32337,115473,18894,3519,35116,28546,14271,33384,4416
1978,M,30256,4584,22020,19146,183226,22602,19490,4510,57786,43948,8860,9806,89281,42939,23016,18832,29562,38176,8104,26064,35160,71172,31645,23692,37362,6886,12959,5595,6256,48966,12946,119668,42104,6044,82716,23256,20018,79072,5843,25065,6470,34092,121340,19851,3597,37119,30164,14960,35276,4828
1979,F,30436,4390,22838,18780,185682,22908,18875,4590,59057,43504,8505,9820,89832,42463,22663,18915,28640,38693,7940,26302,34578,70415,31434,22533,37156,6790,12659,5958,6275,46921,13272,114878,41021,5918,81236,23738,20306,77025,5818,24244,6760,33324,124391,19941,3637,36890,31148,14477,35449,4746
1979,M,31677,4700,24104,20252,194680,24258,19829,4860,61882,46164,9036,10196,94359,44917,24066,20081,30264,40542,8423,27529,36072,74166,33321,23383,39061,7178,13449,6347,6566,49456,13710,121048,42748,6298,85762,24732,21357,80705,6062,25632,6864,35017,129984,21097,3875,38801,33158,15345,37850,4958
1980,F,30592,4681,24564,18093,196128,24268,18845,4906,64288,45768,8773,9769,92706,43109,23228,19699,29038,40092,7911,27316,35464,71166,32680,23262,38791,6875,13141,6486,6770,47029,13394,116412,41206,5922,82259,25215,21122,77513,5924,24979,6395,33351,133455,20309,3788,37729,32990,14183,36423,5226
1980,M,32353,4838,25734,19180,207722,25418,19932,5032,67346,48240,9381,10392,97337,45329,24577,21015,30542,42068,8545,28193,37164,74335,34608,24575,40141,7214,14209,6746,6971,49732,14042,122577,43227,6538,86872,26884,21971,81162,6263,26234,6773,35761,139998,21425,4095,39407,34850,15277,38393,5332
1981,F,30098,4829,25300,17452,205458,25507,19529,4696,67326,44690,8845,9638,90145,40976,22408,20014,27991,40110,8131,28071,35867,68688,32966,22550,37453,6906,13328,6832,6619,47212,13642,118220,40962,6296,81308,26014,20874,78006,5872,25138,6114,32486,137250,20100,3901,37765,33940,13652,36227,5340
1981,M,30971,5256,26434,18354,216160,26554,20385,4972,70989,46868,9361,9977,94862,43661,23518,21226,29245,42117,8390,28926,38155,71992,35162,23678,39501,7291,13843,7175,6894,49321,14392,124051,42763,6612,85731,27644,22108,82271,6575,25858,6523,34484,144261,21190,4050,40226,35761,14184,38104,5468
1982,F,29000,5459,26148,17200,209974,26816,19915,4700,70166,44832,9084,9573,89463,40775,21740,19999,27809,41314,8170,29110,36993,67396,32952,22422,37288,7151,13204,7095,6894,47915,13567,120385,42275,6280,80568,28692,19898,78747,6098,24993,6303,32443,145083,20254,3992,38868,33935,13366,36407,5464
1982,M,30801,5828,27366,18178,220866,27964,20524,4994,74185,47036,9617,10032,94125,43173,22993,20862,29017,43279,8492,30350,38858,70911,35037,23544,39509,7285,13756,7377,7191,50639,14085,126900,43626,6862,84175,30102,21105,82988,6413,25800,6429,34545,152620,21264,4036,40942,35552,13910,37953,5600
1983,F,28574,5923,26586,17080,213342,26619,19760,4742,72432,45022,9213,9014,87259,39506,21064,19686,26617,40319,8128,29213,37189,64524,31989,21610,36921,6810,12756,6871,6725,48314,13258,120727,40925,6104,77528,27897,19492,76558,6064,24606,6139,31777,144030,19112,3861,38622,33323,12599,35432,4967
1983,M,30034,6071,28088,17908,223782,28026,21335,4986,76466,46600,9906,9731,91618,41304,22194,20712,28079,42185,8532,30635,38885,68579,33568,22387,38673,7248,13472,7331,7074,50758,14279,127870,42894,6275,81229,28999,20441,81470,6529,25339,6385,33619,151184,20326,4093,40854,35345,13282,37120,5300
1984,F,28684,6062,27326,16957,218676,26519,20465,4792,75542,45562,9027,8723,87309,38873,20583,19478,25988,40116,8142,29775,38099,66141,32646,21604,36459,6947,12749,7083,6880,49591,13493,122564,41906,5817,77434,26571,19024,76479,6132,24554,6062,31659,146565,18587,3918,39602,33527,11898,35776,4788
1984,M,30073,6385,28538,17879,230184,27825,21748,5028,79669,48122,9673,9299,91948,41206,21783,20525,27295,41349,8625,31433,40178,69921,34062,22234,38267,7192,13373,7618,7369,51626,13791,128467,44077,6006,81073,27903,20498,80456,6527,25231,6381,33282,152423,19689,4102,41804,35386,12685,37406,4965
1985,F,29264,6249,28903,17119,229918,26928,21364,4653,79834,47075,8795,8576,88113,39829,20166,19211,25532,39932,8340,33180,39889,66811,32957,21313,37292,6557,12373,7452,7531,51359,13431,126076,43829,5743,77873,25850,19286,78274,6285,25254,5853,32360,150656,18243,3915,41670,34373,11651,35975,4624
1985,M,30469,6595,30445,18102,241033,28195,22624,4965,83982,49265,9512,8991,92624,41117,21055,20468,27353,41526,8563,34835,41891,71210,34455,22136,39686,6937,13178,7873,7922,54207,14326,133389,45568,5978,82601,27287,20200,82254,6748,26646,6277,34397,157508,19208,4121,44382,35857,12481,37768,4742
1986,F,28941,5862,29799,16827,235632,27009,21822,4796,81590,47743,8889,8036,86298,38809,18905,19029,25118,37943,8098,33945,40091,67017,32149,20267,36523,6058,11915,7737,7790,53052,13452,128800,43849,5280,77004,24490,18950,78178,6577,25339,5779,32403,149668,17739,4029,42838,33896,11255,35192,4220
1986,M,30524,6305,31075,17566,246604,28142,23028,4922,86011,50440,9408,8412,90419,40513,19866,20236,26676,40012,8611,35593,42099,70614,33635,21604,38736,6676,12511,8160,8105,55760,13940,135227,46405,5539,81022,26150,19921,82792,6867,26461,5836,33846,157398,18673,4110,44345,35544,11981,37141,4413
1987,F,29073,5749,30966,16780,244989,26135,22833,4843,85496,49966,8959,7698,88170,38197,18573,18907,24972,36148,8283,35456,41072,68783,31583,20222,36572,5964,11655,8055,8258,55200,13392,133052,46096,4892,76604,23628,19077,79332,6844,25932,5703,33196,147223,17315,3956,43998,34145,10922,34647,3756
1987,M,30507,5928,32403,17785,258424,27673,24108,5046,89648,52541,9645,8234,92510,40369,19325,19601,26407,37819,8564,37088,43381,71795,33590,21070,38574,6281,12167,8613,8774,58168,13906,139066,47405,5408,81238,24253,19620,83319,7203,26869,5790,34747,154739,18012,4174,46335,36216,11503,36293,3782
1988,F,29517,5444,32015,17080,260385,26202,23431,5047,89626,51685,9353,7777,89972,39834,18685,18914,24821,36476,8340,36650,43264,68262,32744,20710,37212,5667,11586,8781,8473,57552,13233,136395,47862,5003,78186,23092,19555,80651,6896,26824,5420,34317,147905,17602,3957,45657,35347,10595,34467,3438
1988,M,31225,5788,33608,17955,272763,27165,24646,5359,94493,54238,9692,7964,94869,41809,19434,19878,26237,37426,8832,39118,44930,71452,34004,21364,39280,6025,12321,9227,8891,60212,13782,144255,49717,5100,82343,24316,20497,84988,7328,28290,5774,36394,155513,18453,4154,47470,37156,11251,36350,3724
1989,F,30405,5788,32675,17503,278606,25788,24115,5215,94118,53632,9456,7634,93253,40565,19063,18772,25905,35449,8449,38311,44608,72250,33083,21071,37910,5755,11696,9447,8801,59395,13348,141738,50039,4679,80069,23123,19977,82273,7187,28080,5368,35697,150530,17211,4123,47321,36807,10874,35173,3375
1989,M,32163,5878,34521,18408,291386,26923,25349,5515,99013,56640,9911,8249,97055,42904,19955,19965,27519,37303,9017,39954,46915,76270,34435,21976,39962,5923,12520,10159,9008,62446,14005,149711,52066,4891,83883,24262,21304,86530,7581,29250,5718,37481,157134,18356,4371,49477,38553,11289,36829,3526
1990,F,30809,5852,33803,17808,298462,26107,24299,5328,97286,55031,9990,8053,95443,41910,19217,18969,26270,35414,8515,39126,45151,75123,33066,21478,38787,5609,11953,10638,8599,59747,13525,145169,50845,4531,81446,23493,20804,83747,7454,28571,5394,36324,154850,17697,4010,48539,38670,10986,35588,3393
1990,M,32678,6050,35192,18649,314166,27418,25824,5785,102053,57635,10499,8380,100347,44304,20192,20051,28092,36778,8844,41119,47503,78577,34947,22085,40473,6004,12427,10961,8970,62542,13877,152407,53680,4719,85467,24156,22087,88214,7741,30039,5605,38638,161573,18580,4263,50813,40581,11599,37307,3592
1991,F,30733,5711,33175,17215,297983,26324,23696,5483,94611,54252,9568,8188,95089,41826,19056,18525,26575,35300,8201,38735,42910,73453,32693,21251,38673,5703,11768,10656,8033,59488,13760,143326,50022,4348,80766,23268,20806,82449,7171,28227,5318,36484,155196,17467,3884,48051,38920,10991,35008,3303
1991,M,32077,5975,34934,18264,312094,27489,24870,5707,99390,56036,10354,8633,99142,43881,19933,19314,27751,36893,8552,40449,45295,76745,34376,21953,40004,5810,12249,11370,8308,61918,14040,149307,52340,4539,85029,24527,21693,86402,7563,29345,5628,38026,162550,18566,4081,49319,40791,11517,37063,3400
1992,F,30194,5672,33638,17052,293382,26726,23240,5253,93498,54296,9493,8416,93205,40728,18828,18530,26178,34310,7875,38056,42466,70105,31845,20812,37173,5652,11417,11018,7933,58435,13767,140603,50740,4305,79244,23294,20493,80207,7054,27720,5487,35853,157355,18173,3761,47355,38483,10680,34331,3231
1992,M,32066,6054,35191,17768,308348,27809,24333,5403,98215,56820,10371,8946,98191,43412,19641,19497,27662,36397,8182,39759,44765,73984,33762,21869,39128,5820,11980,11356,8057,61474,14155,147284,53227,4506,83003,24263,21542,84418,7446,28472,5531,37761,163490,19027,3976,49843,40967,11490,36339,3492
1993,F,30076,5494,34009,16705,285713,26344,22952,5164,93312,53987,9569,8554,93199,40756,18380,18096,25637,34007,7253,36737,41100,68271,31384,20600,36669,5473,11456,10859,7496,57663,13733,137700,49446,4183,77556,22599,20202,78234,6828,26285,5219,35469,157641,17920,3602,46236,38451,10626,34062,3155
1993,M,31630,5579,35047,17584,299611,27678,23748,5404,99225,56635,10024,8886,97589,43193,19446,19310,27363,35395,7812,38251,43568,71584,33264,21549,38584,5892,11768,11544,7940,60023,14119,144692,51911,4507,81237,23644,21374,82528,7148,27550,5500,37548,164430,19207,3855,48708,40194,11166,35705,3400
1994,F,29805,5283,34716,16979,277791,26196,22355,5091,93595,54226,9557,8592,92348,40331,17963,18270,25717,33165,7095,35973,40792,67145,31343,20632,35705,5398,11226,11779,7371,57451,13536,136249,49432,4199,76234,22320,20367,76713,6552,25247,5030,35570,156632,18510,3657,46401,37797,10308,33395,3152
1994,M,31134,5395,36130,17739,290139,27875,23300,5320,97059,56785,9960,8934,96909,42264,19116,19109,27266,34652,7346,37998,42995,70883,32962,21322,37838,5669,11930,12132,7735,60050,14055,142143,51988,4385,79710,23383,21470,80358,6914,26796,5477,37621,164482,19769,3720,48638,39561,11067,34887,3276
1995,F,29495,4998,35327,17309,269239,26441,21645,4996,92008,54763,9108,8784,90673,40245,18017,18195,25363,32192,6808,35177,39832,65617,30942,20395,35683,5484,11356,12380,7106,55937,13319,132638,49376,4201,75231,22032,20915,73942,6282,24834,5163,35614,157532,19391,3300,45132,37970,10237,33066,3078
1995,M,30834,5246,37136,17866,282806,27891,22689,5270,96715,57519,9487,9251,95139,42590,18793,19006,27014,33449,7088,37219,41816,69025,32321,20949,37345,5658,11887,12676,7559,58891,13601,138731,52216,4275,78833,23640,21896,77908,6494,26092,5312,37559,165221,20186,3483,47446,39258,10925,34413,3183
1996,F,29395,4862,36966,17799,263615,27272,21725,5033,92199,56008,8945,9197,89668,40903,18100,17876,25562,32021,6755,35262,39011,65102,30980,19924,36001,5295,11355,12752,6954,55942,13422,128705,50944,4133,73968,22598,21399,72546,6131,25019,5109,35954,161721,20267,3374,45201,37904,10152,32737,3089
1996,M,31093,5175,38356,18572,275818,28535,22744,5122,97193,58035,9456,9428,93512,42610,19039,18775,27144,33183,7019,36271,41265,68285,32720,21063,37831,5561,11931,13373,7566,58364,13806,135258,53526,4214,77724,23595,22259,75792,6521,26098,5364,37800,168685,21820,3393,47153,40041,10598,34369,3197
1997,F,29970,4873,36479,17614,257001,27611,20957,4994,93740,57724,8442,8919,88360,41026,17821,18134,25912,32383,6658,34220,39292,65553,31342,20260,36126,5265,11471,13161,6995,55350,13222,125745,52005,4021,74352,23644,21527,70557,6136,25126,5070,36375,163054,20966,3235,44870,38134,10023,32624,3132
1997,M,30944,5074,39220,18864,267839,28922,22152,5259,98643,60497,8951,9663,92443,42410,18838,19155,27291,33642,7011,35995,41072,68161,33157,21273,37911,5584,11848,13750,7318,57929,13649,131493,55010,4332,77681,24625,22282,73667,6319,27088,5103,38103,170920,22093,3372,46992,40056,10707,33933,3255
1998,F,30298,4889,38171,18089,255003,29096,21359,5171,95287,60201,8585,9420,89239,41766,18201,18708,26685,32759,6733,35300,39681,65006,32008,21093,36798,5263,11445,14099,7003,55602,13493,125714,54598,3900,74923,24027,22081,70969,6133,26330,4943,37671,167422,22161,3261,45969,38793,10127,33112,3005
1998,M,31776,5037,40072,18776,266658,30481,22461,5407,100350,62167,8998,9971,93349,43356,19081,19714,27644,34129,7000,36672,41730,68660,33194,21846,38560,5532,12089,14600,7426,58948,13825,132493,57090,4032,77871,25434,23192,74930,6466,27547,5345,39725,174861,23004,3321,48382,40870,10620,34338,3247
1999,F,30582,4798,39626,17989,253408,30394,21139,5213,96275,61782,8213,9757,88925,41939,18185,18663,26544,32784,6579,35228,39461,65308,31928,20933,36829,5190,11593,14279,6881,55727,13331,124618,55542,3696,74833,23986,21955,70849,6096,26917,5124,37903,170778,22371,3201,46496,38759,10138,33177,2942
1999,M,31540,5152,41519,18740,265100,31773,22171,5463,100748,64935,8825,10115,93143,44092,19373,20119,27859,34352,7037,36739,41478,68299,34042,21751,38603,5595,12314,15083,7160,58378,13860,130994,58253,3943,77751,25024,23249,74498,6270,28031,5400,39900,178467,23919,3366,48973,40827,10590,35031,3187
2000,F,30969,4820,41680,18459,259550,31957,20906,5321,99963,65107,8412,9966,90733,42591,18777,19284,27145,33426,6626,36400,39852,66608,32993,21500,37378,5375,12032,14853,6974,56404,13334,126022,58991,3682,75822,24144,22288,71603,5971,27389,5018,38879,177795,22983,3141,48444,39456,10111,33872,3106
2000,M,32330,5154,43593,19324,272409,33481,22120,5730,104162,67537,9139,10400,94303,45108,19489,20382,28884,34472,6977,37916,41762,69563,34611,22575,39085,5582,12614,15976,7635,59228,13889,132715,61320,3994,79650,25638,23516,74678,6534,28725,5327,40732,185619,24370,3359,50494,41580,10754,35454,3147
2001,F,29539,4861,42053,18041,258298,32679,20808,5272,100498,65671,8412,10237,89907,42129,18394,18974,26720,31743,6626,35896,39892,64656,32990,20763,37017,5388,12252,15343,7263,56427,13320,124000,57983,3818,74013,24499,22148,70094,6225,27193,5238,38006,178482,23300,3143,48234,38930,9967,33983,2932
2001,M,30915,5142,43544,18969,269461,34328,21840,5477,105295,67855,8660,10451,94157,44330,19225,19895,27938,33609,7133,37322,41185,68771,34572,21519,38447,5582,12568,16039,7393,59368,13808,130026,60202,3811,77557,25619,23174,73401,6488,28563,5245,40334,186928,24659,3223,50650,40640,10461,35089,3183
2002,F,28998,4890,42737,18259,258922,33223,20423,5397,100227,65272,8289,10277,88154,41712,18197,19313,26335,31629,6640,35724,39411,63491,33181,20243,36531,5428,12416,15880,6952,55781,13790,122659,57294,3711,72481,24480,22097,69716,6276,26725,5187,38078,182249,24017,3108,48950,38557,10021,33541,3175
2002,M,29969,5048,45100,19178,270435,35195,21578,5693,105352,68028,9188,10693,92468,43369,19362,20099,27898,33243,6919,37599,41234,66476,34844,21275,38720,5621,12967,16691,7490,58970,13963,128756,60041,4046,76239,25907,23095,73134,6618,27845,5511,39404,190201,25165,3279,50722,40471,10691,35019,3375
2003,F,29056,4887,44567,18345,263958,33771,20879,5543,103266,66642,8631,10625,88951,42048,18625,19338,27060,31787,6688,36375,39106,63872,34195,20708,37560,5600,12598,16419,7107,57211,13733,123618,57467,3976,72844,24764,22457,71450,6441,27340,5460,38640,184864,24436,3140,49511,39466,10161,34308,3213
2003,M,30496,5199,46400,19439,277039,35568,21994,5786,108984,69337,9469,11175,93544,44386,19549,20138,28176,33253,7167,38555,41078,67222,35855,21672,39485,5822,13319,17228,7286,59772,14088,130096,60856,3996,76835,26217,23496,74509,6768,28309,5567,40250,192612,25424,3449,51743,41023,10774,35732,3487
2004,F,28881,5061,45734,18925,266452,33408,20561,5569,106300,68005,8921,10931,88210,42291,18723,19303,27238,31954,6643,36652,38254,63230,34637,20971,37830,5635,12812,17130,7167,56433,13833,122062,58738,3982,72385,25035,22303,70652,6201,27561,5516,38934,186359,24756,3163,50795,39630,10133,34162,3391
2004,M,30629,5277,47929,19648,278391,35095,21534,5800,111753,70844,9360,11601,92568,44851,19715,20366,28482,33415,7301,37976,40230,66546,35987,21856,39935,5884,13520,18070,7398,58820,14551,127885,61109,4207,76569,26271,23375,74096,6578,29029,5822,40708,194934,25914,3436,53138,42117,10747,35984,3416
2005,F,29613,5027,46943,19297,268215,33492,20487,5742,110728,69400,8647,11313,87112,42451,19206,19648,27462,29780,6876,36816,37605,62205,34581,20722,38497,5659,12795,18143,7010,55448,14195,120029,60227,4002,72667,25196,22327,70352,6219,28188,5544,39939,188210,25078,3072,50761,40334,10062,34597,3478
2005,M,30840,5432,49256,19911,280667,35452,21231,5901,115512,72800,9277,11749,91908,44742,20105,20240,28982,31157,7236,38164,39260,65501,36338,21673,40121,5924,13350,19125,7410,58328,14640,126322,62869,4388,75721,26605,23595,75031,6478,29523,5918,41808,197705,26478,3223,53794,42369,10774,36387,3761
2006,F,30609,5377,50011,19971,274184,34560,20384,5964,115817,72671,9121,11787,88665,43375,19659,20020,28454,30808,6841,37628,38002,62391,36046,22366,39796,6064,12986,19579,7048,56001,14601,121952,62318,4176,73361,26432,23666,72656,6020,30347,5841,41231,195419,25802,3172,52521,42325,10236,35263,3659
2006,M,32623,5619,52418,20990,288256,36191,21436,6025,120985,75962,9861,12397,91907,45256,20948,20948,29796,32568,7310,39866,39674,65092,37479,23690,41589,6444,13741,20448,7330,59019,15335,128152,65541,4445,77232,27584,25023,76434,6352,31824,6078,43124,204184,27702,3339,55296,44551,10695,37077,4013
2007,F,31942,5373,50300,20185,276403,34515,20388,5990,116642,73854,9276,12128,88555,43843,19950,20558,29053,32585,6897,38215,37924,60942,36235,22669,40112,6073,13065,20122,6901,56974,14891,124013,63804,4283,73759,26947,24075,73484,5988,30838,5951,42331,199308,26761,3214,53173,43241,10705,35524,3880
2007,M,32862,5679,52681,21193,290011,36294,21272,6180,122523,77283,9858,12891,92281,46021,20936,21446,30315,33716,7223,39880,40043,64319,37500,23822,41818,6366,13869,21059,7267,59089,15725,129438,67233,4557,77120,28118,25303,77229,6388,32037,6310,44380,208317,28369,3299,55711,45737,11289,37260,4013
2008,F,31672,5518,48672,19870,269041,33958,19619,5917,112627,71562,9397,12382,86805,43390,19615,20442,28700,31888,6643,37744,37556,59147,35373,22102,39543,6132,13232,19300,6662,55055,14830,121816,63765,4365,73023,26857,23951,72690,5857,30940,5857,42002,197894,27107,3089,52391,44210,10358,35300,3953
2008,M,32874,5924,50770,20799,282738,36073,20780,6173,118818,75041,10087,12767,89990,45352,20609,21391,29675,33380,6966,39545,39466,61980,37048,22845,41420,6462,13757,20206,7021,57655,15343,128567,67074,4573,75798,27924,25145,76583,6191,32131,6214,43558,207660,28527,3250,54295,46111,11143,36961,4085
2009,F,30725,5359,45362,19309,257071,33448,19061,5659,108243,69028,9215,11548,83410,42469,19422,20289,27938,31828,6538,36866,36461,57133,34322,20975,38178,6009,13103,18289,6524,53700,14221,120877,61838,4418,70760,26559,22921,71667,5603,30055,5862,40184,196917,26329,2918,51307,43577,10452,34656,3785
2009,M,31750,5965,47436,20499,269949,35180,19835,5900,113151,72349,9672,12189,87753,44204,20279,21107,29613,33145,6932,38193,38555,60161,36324,21926,40727,6248,13833,19323,6853,56631,14779,127233,65007,4583,74081,27994,24211,74767,5839,30565,6072,42027,205060,27558,3192,53752,45736,10816,36187,4096
2010,F,29227,5616,42936,18816,248983,32270,18485,5564,104794,65438,9071,11319,80298,40829,19066,19887,27038,30565,6328,36203,35559,55967,33540,19643,37278,5933,12703,17661,6285,52354,13614,119023,59842,4465,67624,26152,22215,69889,5411,28682,5782,38519,189039,25374,2956,50137,42266,10173,33411,3758
2010,M,30823,5855,44541,19724,261215,34085,19223,5800,109796,68509,9917,11879,84902,43111,19653,20762,28746,31814,6642,37598,37306,58564,35070,20393,39481,6127,13215,18273,6589,54568,14236,125352,62508,4639,71504,27086,23325,73432,5766,29660,6029,40976,197079,26884,3267,52865,44273,10297,35076,3798
2011,F,28897,5578,41739,18929,244892,31625,18178,5522,104057,64897,9204,10809,78838,40809,18685,19257,27072,30250,6168,35701,35657,55368,33369,19641,37018,5960,12635,17076,6253,51552,13584,118153,58874,4639,67117,25550,21947,69778,5342,27966,5813,39077,184597,24932,2956,50062,42344,9965,33111,3590
2011,M,30457,5878,43804,19786,257228,33430,19103,5735,109357,67512,9752,11496,82474,42892,19529,20385,28298,31638,6536,37392,37509,58640,35040,20219,39099,6109,13085,18220,6598,54331,13705,123159,61515,4888,70801,26722,23208,73400,5618,29427,6033,40511,192848,26291,3122,52590,44632,10752,34699,3809
2012,F,28772,5477,42166,18674,246316,31646,17920,5430,104034,64172,9300,11295,77887,40618,18871,19726,27129,30458,6210,35817,35366,55162,33588,19092,36788,5924,12639,16891,6070,51138,13214,117491,58665,4923,67469,25828,21941,69661,5385,28107,5847,39088,187054,24957,2893,50295,42745,10302,32782,3607
2012,M,29676,5710,44275,19673,257439,33541,18619,5593,109114,66108,9680,11668,81273,42609,19831,20615,28629,32184,6588,37066,37073,57929,35184,19577,38658,6194,13303,18020,6282,53092,13854,123425,61166,5183,71014,26923,23126,72853,5541,29048,6257,41283,195673,26508,3116,52718,44718,10525,34513,3965
2013,F,28535,5590,41633,18452,241210,31875,17625,5293,105098,62990,9088,11033,76613,40499,19210,19013,26882,30963,6143,35027,35193,55516,33735,19112,36902,6021,12715,17046,6030,50117,12865,115703,58432,5258,68161,25697,22111,68858,5275,27543,6059,38982,189105,24694,2832,49711,41787,10218,32564,3698
2013,M,29632,5856,43967,19380,253495,33132,18460,5538,110309,65758,9899,11350,80318,42603,19884,19826,28804,32238,6633,36926,36595,57973,35424,19522,38394,6356,13380,17984,6366,52458,13489,121277,60570,5341,70775,27672,23044,72063,5534,29252,6189,41010,198235,26263,3143,52436,44790,10607,34085,3946
2014,F,29136,5507,42349,18764,245166,32271,17635,5380,107208,64249,8944,11130,77454,40876,19210,19227,27328,31597,6203,36111,35004,55571,34379,19089,36642,6112,12933,17482,6020,50614,12784,117199,59148,5630,68151,26123,22290,69393,5291,28254,5971,39992,195118,24859,2953,50534,43191,9941,32595,3662
2014,M,30286,5885,44538,19747,257713,33559,18650,5592,112783,66697,9606,11746,81102,43204,20477,19996,28842,32900,6495,37810,36904,58804,35525,19647,38718,6320,13861,18379,6282,52691,13268,121574,61827,5729,71316,27216,23266,72875,5532,29373,6312,41610,204648,26295,3177,52766,45394,10360,34566,4034
2015,F,29306,5493,41600,18939,239565,32548,17541,5600,109167,64383,9061,11328,77080,40817,19223,19173,27347,31820,6077,36035,34770,55563,33907,18781,36669,6194,12945,17699,6145,50651,12647,115418,59025,5508,67978,25841,22203,68965,5389,28544,5892,39950,197552,24709,2839,50378,43142,9707,32828,3714
2015,M,30351,5789,43751,19947,252183,34033,18205,5566,115102,67021,9359,11499,81036,43223,20259,19981,28624,32872,6530,37581,36722,57749,35927,19613,38392,6389,13734,18599,6288,52476,13169,121856,61818,5806,71286,27281,23452,72082,5604,29595,6444,41735,206066,26069,3064,52925,45848,10098,34213,4051
2016,F,28860,5444,41514,18499,238408,32587,17838,5358,109853,63962,8564,10999,75509,40255,19398,18470,26998,31066,6183,35754,34907,55310,34119,18685,36418,5978,13079,17778,5855,50081,12096,114466,58748,5538,67449,25753,22153,67849,5281,28044,5981,39377,194708,24694,2800,50401,44278,9419,32594,3597
2016,M,30291,5765,43006,19775,250419,34026,18177,5634,115169,66080,9495,11483,78936,42836,20005,19583,28451,32112,6522,37382,36410,58005,35630,19243,38287,6304,13510,18482,6412,52566,12596,119817,62031,5845,70636,26839,23382,71560,5517,29298,6294,41430,203339,25770,2956,52059,46227,9660,34021,3789
2017,F,28874,5098,40273,18393,229760,31639,17159,5290,109393,63213,8379,10858,73096,40323,18795,17627,26540,29879,6075,35204,34603,54547,33531,18263,35560,5765,12615,17479,5966,49170,11586,112014,58634,5177,66857,24323,21181,67055,5268,27719,6016,39349,187092,23449,2784,49020,42727,9102,31780,3409
2017,M,30067,5347,41599,19127,241898,32743,18062,5565,114237,66030,9138,11323,76294,41847,19635,18892,28212,31139,6223,36437,36099,56879,35064,19094,37474,6034,13206,18277,6150,52080,12181,117723,61491,5560,69975,25891,22450,70690,5370,29310,6118,41667,194958,25136,2871,51371,44835,9573,33195,3494
2018,F,27993,4878,39389,18188,222531,30863,16927,5159,108088,61712,8246,10435,70695,39911,18484,17674,26254,29197,6063,34782,33810,53718,33060,18184,35966,5609,12433,17370,5978,49532,11385,110639,58387,5121,66201,24287,20615,65899,5214,27591,5885,39655,185303,23000,2666,48629,42233,8815,31218,3186
2018,M,29768,5208,41334,18830,232389,32022,17798,5462,113454,64460,8726,10968,74120,41735,19301,18587,27668,30418,6248,36298,35299,56314,34284,18816,37303,5904,13055,18312,6017,51691,11654,115599,60567,5515,68933,25513,21573,69774,5292,29078,6008,41096,193321,24209,2766,51214,43852,9433,32880,3376
2019,F,28420,4703,38699,17805,217276,30660,16802,5124,107453,62057,8019,10794,68340,39351,18404,17354,25952,28720,5852,34212,33868,53066,32330,17889,35072,5465,12127,16952,5759,48333,11202,108474,58120,5040,65853,23907,20389,65740,4992,27882,5573,39451,184612,22886,2607,47554,41545,8832,30928,3183
2019,M,30195,5119,40676,18759,229203,32209,17456,5438,112549,64314,8778,11269,71788,41508,19245,18041,27117,30221,5927,35966,35249,54820,33697,18747,37055,5614,12628,18120,6080,51252,11758,113065,60605,5414,68608,25236,21469,68490,5183,29156,5876,40999,192987,23940,2754,49875,43350,9304,32342,3382
2020,F,28269,4665,37774,17211,205481,29978,16365,5037,102292,59813,7669,10413,65115,38334,17692,16813,25373,28024,5697,33734,32699,50856,30782,17455,33622,5240,11939,16403,5768,47826,10560,102072,57058,4991,62774,23274,19436,64059,5010,27323,5376,38670,179717,22036,2523,46123,40710,8532,29641,3039
2020,M,29378,4804,39173,18040,214778,31516,17095,5355,107379,62660,8116,11120,68183,40282,18422,17563,26295,29304,5842,34820,33729,53218,32661,18018,35663,5551,12352,17250,6023,50128,11343,107266,59672,5068,66417,24349,20384,66634,5091,28381,5584,40019,188473,23666,2610,48626,42376,8791,30953,3089
